run_id,step,predicted_score,real_score,mutation
1,0,0.31299912032313115,0.39436358,"[0. 1. 0. 0. 0. 1. 0. 0. 0. 0. 1. 0. 1. 0. 0. 0. 0. 0. 1. 0. 0. 1. 0. 0.
 1. 0. 0. 0. 0. 1. 0. 0.]"
1,1,0.32983523156580913,0.22725023,"[0. 1. 0. 0. 0. 1. 0. 0. 0. 0. 1. 0. 1. 0. 0. 0. 0. 0. 1. 0. 0. 1. 0. 0.
 1. 0. 0. 0. 0. 0. 1. 0.]"
1,2,0.3382076515618448,0.28019214,"[0. 1. 0. 0. 0. 1. 0. 0. 0. 0. 1. 0. 1. 0. 0. 0. 1. 0. 0. 0. 0. 1. 0. 0.
 1. 0. 0. 0. 0. 0. 1. 0.]"
1,3,0.3436341950511141,0.3290933,"[0. 1. 0. 0. 0. 1. 0. 0. 0. 0. 1. 0. 1. 0. 0. 0. 0. 0. 1. 0. 0. 1. 0. 0.
 1. 0. 0. 0. 1. 0. 0. 0.]"
1,4,0.351427111887652,0.36261493,"[0. 1. 0. 0. 0. 1. 0. 0. 0. 1. 0. 0. 1. 0. 0. 0. 0. 0. 1. 0. 0. 1. 0. 0.
 1. 0. 0. 0. 1. 0. 0. 0.]"
1,5,0.352140692573516,0.38064364,"[0. 1. 0. 0. 0. 1. 0. 0. 0. 1. 0. 0. 1. 0. 0. 0. 0. 0. 0. 1. 0. 1. 0. 0.
 1. 0. 0. 0. 1. 0. 0. 0.]"
1,6,0.3609246546103951,0.45012987,"[0. 1. 0. 0. 0. 1. 0. 0. 0. 1. 0. 0. 1. 0. 0. 0. 1. 0. 0. 0. 0. 1. 0. 0.
 1. 0. 0. 0. 1. 0. 0. 0.]"
1,7,0.36351805960856637,0.4595514,"[0. 1. 0. 0. 1. 0. 0. 0. 0. 1. 0. 0. 1. 0. 0. 0. 1. 0. 0. 0. 0. 1. 0. 0.
 1. 0. 0. 0. 1. 0. 0. 0.]"
1,8,0.36800586014206166,0.5383973,"[0. 1. 0. 0. 1. 0. 0. 0. 0. 0. 0. 1. 1. 0. 0. 0. 1. 0. 0. 0. 0. 1. 0. 0.
 1. 0. 0. 0. 1. 0. 0. 0.]"
1,9,0.37057768484870646,0.6630417,"[0. 1. 0. 0. 1. 0. 0. 0. 0. 0. 0. 1. 1. 0. 0. 0. 1. 0. 0. 0. 0. 0. 1. 0.
 1. 0. 0. 0. 1. 0. 0. 0.]"
1,10,0.3724700385880007,0.69776934,"[0. 1. 0. 0. 1. 0. 0. 0. 0. 0. 0. 1. 1. 0. 0. 0. 1. 0. 0. 0. 0. 0. 0. 1.
 1. 0. 0. 0. 1. 0. 0. 0.]"
1,11,0.3736588930327464,0.7240032,"[0. 0. 0. 1. 1. 0. 0. 0. 0. 0. 0. 1. 1. 0. 0. 0. 1. 0. 0. 0. 0. 0. 0. 1.
 1. 0. 0. 0. 1. 0. 0. 0.]"
1,12,0.37591675553833587,0.75354594,"[0. 0. 0. 1. 1. 0. 0. 0. 0. 0. 0. 1. 0. 0. 0. 1. 1. 0. 0. 0. 0. 0. 0. 1.
 1. 0. 0. 0. 1. 0. 0. 0.]"
1,13,0.3812621065304407,0.8075496,"[0. 0. 0. 1. 1. 0. 0. 0. 0. 0. 0. 1. 0. 0. 0. 1. 1. 0. 0. 0. 1. 0. 0. 0.
 1. 0. 0. 0. 1. 0. 0. 0.]"
1,14,0.3843699710748321,0.5728157,"[0. 0. 0. 1. 0. 1. 0. 0. 0. 0. 0. 1. 0. 0. 0. 1. 1. 0. 0. 0. 1. 0. 0. 0.
 1. 0. 0. 0. 1. 0. 0. 0.]"
2,0,0.3433162833013655,0.4864656,"[0. 0. 0. 1. 0. 0. 1. 0. 1. 0. 0. 0. 1. 0. 0. 0. 0. 1. 0. 0. 0. 0. 0. 1.
 0. 0. 0. 1. 1. 0. 0. 0.]"
2,1,0.35446680358798155,0.88817877,"[0. 0. 0. 1. 0. 0. 1. 0. 1. 0. 0. 0. 0. 0. 0. 1. 0. 1. 0. 0. 0. 0. 0. 1.
 0. 0. 0. 1. 1. 0. 0. 0.]"
2,2,0.3615934244967095,0.53099614,"[0. 0. 0. 1. 0. 1. 0. 0. 1. 0. 0. 0. 1. 0. 0. 0. 0. 1. 0. 0. 0. 0. 0. 1.
 0. 0. 0. 1. 1. 0. 0. 0.]"
2,3,0.3756945137732427,0.6384262,"[0. 0. 0. 1. 0. 1. 0. 0. 1. 0. 0. 0. 1. 0. 0. 0. 0. 0. 1. 0. 0. 0. 0. 1.
 0. 0. 0. 1. 1. 0. 0. 0.]"
2,4,0.3839733499286833,0.58510286,"[0. 0. 0. 1. 0. 1. 0. 0. 1. 0. 0. 0. 0. 0. 0. 1. 0. 0. 1. 0. 0. 0. 0. 1.
 0. 0. 0. 1. 1. 0. 0. 0.]"
6,0,0.327984835830447,0.43145177,"[0. 0. 1. 0. 0. 1. 0. 0. 1. 0. 0. 0. 1. 0. 0. 0. 0. 0. 1. 0. 0. 0. 1. 0.
 1. 0. 0. 0. 1. 0. 0. 0.]"
6,1,0.33949770243484273,0.30425102,"[0. 0. 1. 0. 0. 1. 0. 0. 0. 0. 0. 1. 1. 0. 0. 0. 0. 0. 1. 0. 0. 0. 1. 0.
 1. 0. 0. 0. 1. 0. 0. 0.]"
6,2,0.35888074350870935,0.5884324,"[0. 0. 0. 1. 0. 1. 0. 0. 1. 0. 0. 0. 1. 0. 0. 0. 0. 0. 1. 0. 0. 0. 1. 0.
 1. 0. 0. 0. 1. 0. 0. 0.]"
6,3,0.3719419513184348,0.6450439,"[0. 0. 0. 1. 0. 1. 0. 0. 1. 0. 0. 0. 1. 0. 0. 0. 0. 0. 1. 0. 0. 0. 0. 1.
 1. 0. 0. 0. 1. 0. 0. 0.]"
6,4,0.3722757917614675,0.5834433,"[0. 0. 0. 1. 0. 1. 0. 0. 1. 0. 0. 0. 1. 0. 0. 0. 0. 0. 0. 1. 0. 0. 0. 1.
 1. 0. 0. 0. 1. 0. 0. 0.]"
6,5,0.37393643630393025,0.54973614,"[0. 0. 0. 1. 0. 1. 0. 0. 1. 0. 0. 0. 1. 0. 0. 0. 0. 0. 0. 1. 0. 0. 0. 1.
 0. 0. 1. 0. 1. 0. 0. 0.]"
6,6,0.3760905394515255,0.50365937,"[0. 0. 0. 1. 1. 0. 0. 0. 1. 0. 0. 0. 1. 0. 0. 0. 0. 0. 0. 1. 0. 0. 0. 1.
 0. 0. 1. 0. 1. 0. 0. 0.]"
8,0,0.34438519794655964,0.4460376,"[0. 0. 0. 1. 0. 0. 1. 0. 0. 0. 0. 1. 1. 0. 0. 0. 0. 1. 0. 0. 0. 0. 1. 0.
 1. 0. 0. 0. 1. 0. 0. 0.]"
8,1,0.3561931511770858,0.34048367,"[0. 0. 0. 1. 0. 0. 1. 0. 0. 0. 0. 1. 1. 0. 0. 0. 0. 1. 0. 0. 0. 0. 0. 1.
 1. 0. 0. 0. 1. 0. 0. 0.]"
8,2,0.3563664665253101,0.6031934,"[0. 0. 0. 1. 0. 0. 1. 0. 0. 0. 0. 1. 1. 0. 0. 0. 0. 0. 0. 1. 0. 0. 1. 0.
 1. 0. 0. 0. 1. 0. 0. 0.]"
8,3,0.35787685106195244,0.5459325,"[0. 0. 0. 1. 0. 1. 0. 0. 0. 0. 0. 1. 1. 0. 0. 0. 0. 1. 0. 0. 0. 0. 1. 0.
 1. 0. 0. 0. 1. 0. 0. 0.]"
8,4,0.3709421781699803,0.67046344,"[0. 0. 0. 1. 0. 1. 0. 0. 0. 0. 0. 1. 1. 0. 0. 0. 0. 0. 0. 1. 0. 0. 1. 0.
 1. 0. 0. 0. 1. 0. 0. 0.]"
8,5,0.37279013932040644,0.31115738,"[0. 0. 0. 1. 0. 1. 0. 0. 0. 0. 0. 1. 1. 0. 0. 0. 0. 0. 0. 1. 0. 0. 1. 0.
 0. 0. 1. 0. 1. 0. 0. 0.]"
8,6,0.37307719446897025,0.55978644,"[0. 0. 0. 1. 0. 1. 0. 0. 0. 0. 0. 1. 1. 0. 0. 0. 1. 0. 0. 0. 0. 0. 1. 0.
 0. 0. 1. 0. 1. 0. 0. 0.]"
8,7,0.3745755453492642,0.66541255,"[0. 0. 0. 1. 1. 0. 0. 0. 0. 0. 0. 1. 1. 0. 0. 0. 1. 0. 0. 0. 0. 0. 1. 0.
 0. 0. 1. 0. 1. 0. 0. 0.]"
9,0,0.3243086153525945,0.90578485,"[0. 0. 0. 1. 0. 0. 1. 0. 0. 0. 1. 0. 1. 0. 0. 0. 0. 0. 0. 1. 1. 0. 0. 0.
 0. 1. 0. 0. 0. 1. 0. 0.]"
9,1,0.35137687837595427,0.81610525,"[0. 0. 0. 1. 0. 0. 1. 0. 0. 0. 1. 0. 1. 0. 0. 0. 0. 0. 0. 1. 1. 0. 0. 0.
 0. 1. 0. 0. 1. 0. 0. 0.]"
9,2,0.35209490160669327,0.50474167,"[0. 0. 0. 1. 0. 0. 1. 0. 1. 0. 0. 0. 1. 0. 0. 0. 0. 0. 0. 1. 1. 0. 0. 0.
 0. 1. 0. 0. 1. 0. 0. 0.]"
9,3,0.37081041847357504,0.7359811,"[0. 0. 0. 1. 0. 1. 0. 0. 1. 0. 0. 0. 1. 0. 0. 0. 0. 0. 0. 1. 1. 0. 0. 0.
 0. 1. 0. 0. 1. 0. 0. 0.]"
9,4,0.3742282004390661,0.7193131,"[0. 0. 0. 1. 1. 0. 0. 0. 1. 0. 0. 0. 1. 0. 0. 0. 0. 0. 0. 1. 1. 0. 0. 0.
 0. 1. 0. 0. 1. 0. 0. 0.]"
9,5,0.3752008515470886,0.6901311,"[0. 0. 0. 1. 1. 0. 0. 0. 1. 0. 0. 0. 1. 0. 0. 0. 1. 0. 0. 0. 1. 0. 0. 0.
 0. 1. 0. 0. 1. 0. 0. 0.]"
10,0,0.33026251966578446,0.40783614,"[1. 0. 0. 0. 0. 0. 1. 0. 0. 0. 1. 0. 0. 0. 0. 1. 0. 1. 0. 0. 1. 0. 0. 0.
 0. 1. 0. 0. 0. 0. 0. 1.]"
10,1,0.3324287547453808,0.54306686,"[1. 0. 0. 0. 0. 0. 1. 0. 0. 1. 0. 0. 0. 0. 0. 1. 0. 1. 0. 0. 1. 0. 0. 0.
 0. 1. 0. 0. 0. 0. 0. 1.]"
10,2,0.3495502354261192,0.6530945,"[1. 0. 0. 0. 0. 0. 1. 0. 0. 0. 1. 0. 0. 0. 0. 1. 0. 1. 0. 0. 1. 0. 0. 0.
 1. 0. 0. 0. 0. 0. 0. 1.]"
10,3,0.35816458789680633,0.46286026,"[1. 0. 0. 0. 0. 0. 1. 0. 0. 0. 0. 1. 0. 0. 0. 1. 0. 1. 0. 0. 1. 0. 0. 0.
 1. 0. 0. 0. 0. 0. 0. 1.]"
10,4,0.3598643295345159,0.514658,"[1. 0. 0. 0. 0. 0. 1. 0. 0. 0. 0. 1. 0. 0. 0. 1. 0. 0. 0. 1. 1. 0. 0. 0.
 1. 0. 0. 0. 0. 0. 0. 1.]"
10,5,0.36698383849415966,0.5125551,"[1. 0. 0. 0. 0. 0. 1. 0. 0. 0. 0. 1. 0. 0. 0. 1. 0. 0. 0. 1. 1. 0. 0. 0.
 1. 0. 0. 0. 1. 0. 0. 0.]"
10,6,0.3748430215055705,0.6167691,"[1. 0. 0. 0. 0. 1. 0. 0. 0. 0. 0. 1. 0. 0. 0. 1. 0. 0. 0. 1. 1. 0. 0. 0.
 1. 0. 0. 0. 0. 0. 0. 1.]"
10,7,0.37618037906006113,0.62231475,"[1. 0. 0. 0. 0. 1. 0. 0. 0. 0. 0. 1. 0. 0. 0. 1. 1. 0. 0. 0. 1. 0. 0. 0.
 1. 0. 0. 0. 0. 0. 0. 1.]"
10,8,0.38343173084008486,0.507865,"[1. 0. 0. 0. 0. 0. 0. 1. 0. 0. 0. 1. 0. 0. 0. 1. 1. 0. 0. 0. 1. 0. 0. 0.
 1. 0. 0. 0. 0. 0. 0. 1.]"
10,9,0.38367731301069524,0.6869562,"[0. 0. 0. 1. 0. 0. 0. 1. 0. 0. 0. 1. 0. 0. 0. 1. 1. 0. 0. 0. 1. 0. 0. 0.
 1. 0. 0. 0. 0. 0. 0. 1.]"
