mutation,predicted_score,real_score,error,pred_direction,real_direction
"[0. 0. 1. 0. 1. 0. 0. 0. 0. 1. 0. 0. 1. 0. 0. 0. 1. 0. 0. 0. 0. 1. 0. 0.
 0. 1. 0. 0. 0. 1. 0. 0.]",0.31999522,0.31828022,-0.0017150044758605931,False,False
"[0. 0. 1. 0. 1. 0. 0. 0. 0. 1. 0. 0. 1. 0. 0. 0. 0. 0. 0. 1. 0. 1. 0. 0.
 0. 1. 0. 0. 0. 1. 0. 0.]",0.3250806,0.3024471,-0.022633503361129736,True,False
"[0. 0. 1. 0. 1. 0. 0. 0. 0. 1. 0. 0. 1. 0. 0. 0. 1. 0. 0. 0. 0. 1. 0. 0.
 1. 0. 0. 0. 0. 1. 0. 0.]",0.32540768,0.3936111,0.06820341615066527,True,True
"[0. 0. 1. 0. 1. 0. 0. 0. 0. 1. 0. 0. 1. 0. 0. 0. 1. 0. 0. 0. 0. 1. 0. 0.
 1. 0. 0. 0. 1. 0. 0. 0.]",0.34264624,0.37244877,0.029802528811950668,True,False
"[1. 0. 0. 0. 1. 0. 0. 0. 0. 1. 0. 0. 1. 0. 0. 0. 1. 0. 0. 0. 0. 1. 0. 0.
 1. 0. 0. 0. 0. 1. 0. 0.]",0.3578511,0.6059972,0.24814611195297243,True,True
"[1. 0. 0. 0. 1. 0. 0. 0. 0. 1. 0. 0. 0. 0. 0. 1. 1. 0. 0. 0. 0. 1. 0. 0.
 1. 0. 0. 0. 0. 1. 0. 0.]",0.3626703,0.6367357,0.27406539760894777,True,True
"[0. 0. 0. 1. 1. 0. 0. 0. 0. 1. 0. 0. 1. 0. 0. 0. 1. 0. 0. 0. 0. 1. 0. 0.
 1. 0. 0. 0. 0. 1. 0. 0.]",0.36387467,0.58430916,0.2204344861566162,True,False
"[0. 0. 0. 1. 1. 0. 0. 0. 0. 1. 0. 0. 1. 0. 0. 0. 1. 0. 0. 0. 0. 1. 0. 0.
 1. 0. 0. 0. 1. 0. 0. 0.]",0.3705892,0.56123984,0.19065064331802373,True,False
"[0. 0. 0. 1. 1. 0. 0. 0. 0. 0. 0. 1. 1. 0. 0. 0. 1. 0. 0. 0. 0. 1. 0. 0.
 1. 0. 0. 0. 0. 1. 0. 0.]",0.37891123,0.7135509,0.33463967301216124,True,True
"[0. 0. 0. 1. 1. 0. 0. 0. 0. 0. 0. 1. 1. 0. 0. 0. 1. 0. 0. 0. 0. 1. 0. 0.
 1. 0. 0. 0. 0. 0. 0. 1.]",0.3839872,0.6676906,0.2837034116607666,True,False
"[0. 0. 0. 1. 1. 0. 0. 0. 0. 0. 0. 1. 1. 0. 0. 0. 1. 0. 0. 0. 0. 0. 0. 1.
 1. 0. 0. 0. 0. 0. 0. 1.]",0.3898259,0.8591514,0.4693254896701813,True,True
"[0. 0. 0. 1. 1. 0. 0. 0. 0. 0. 0. 1. 1. 0. 0. 0. 1. 0. 0. 0. 0. 0. 0. 1.
 1. 0. 0. 0. 0. 0. 1. 0.]",0.39078614,0.7859749,0.39518875884284976,True,False
"[0. 0. 0. 1. 1. 0. 0. 0. 0. 0. 0. 1. 1. 0. 0. 0. 1. 0. 0. 0. 0. 0. 0. 1.
 1. 0. 0. 0. 1. 0. 0. 0.]",0.39651468,0.7240032,0.32748851603813167,True,False
"[0. 0. 0. 1. 1. 0. 0. 0. 0. 0. 0. 1. 1. 0. 0. 0. 1. 0. 0. 0. 1. 0. 0. 0.
 1. 0. 0. 0. 0. 0. 1. 0.]",0.40110493,0.7373521,0.3362471729370117,True,True
